SQL> set lines 100 pages 100;
SQL> SELECT ENAME
  2  FROM EMP
  3  WHERE ENAME LIKE 'P%';

no rows selected

SQL> SELECT JOB
  2  FROM EMP
  3  WHERE JOB IN ('ANALYST','CLERK') AND DEPTNO IN (10, 20);

JOB                                                                                                 
---------                                                                                           
CLERK                                                                                               
ANALYST                                                                                             
CLERK                                                                                               
ANALYST                                                                                             
CLERK                                                                                               

SQL> SELECT DNAME
  2  FROM DEPT
  3  WHERE LOC IN '% %' AND DNAME IN '%E%E%';

no rows selected

SQL> SELECT ENAME
  2  FROM EMP
  3  WHERE ENAME LIKE '%A%A%' AND
  4  
SQL> ED
Wrote file afiedt.buf

  1  SELECT ENAME
  2  FROM EMP
  3* WHERE ENAME LIKE '%A%A%' AND SAL BETWEEN 1200 AND 2800 AND DEPTNO IN (10, 20)
SQL> /

no rows selected

SQL> ED
Wrote file afiedt.buf

  1  SELECT DNAME 
  2  FROM DEPT
  3* WHERE LOC LIKE '% %' AND DNAME IN '%E%E%';
SQL> ED
Wrote file afiedt.buf

  1  SELECT DNAME 
  2  FROM DEPT
  3* WHERE LOC LIKE '% %' AND DNAME LIKE '%E%E%'
SQL> /

no rows selected

SQL> SELECT MGR
  2  FROM EMP
  3  WHERE MGR IS NOT NULL AND JOB IN ('MANAGER', 'SALESMAN') AND DEPTNO IN 30;

       MGR                                                                                          
----------                                                                                          
      7698                                                                                          
      7698                                                                                          
      7698                                                                                          
      7839                                                                                          
      7698                                                                                          

SQL> SELECT ENAME
  2  FROM EMP
  3  WHERE COMM IS NOT NULL AND COMM=0 AND JOB NOT IN ('CLERK', 'MANAGER') AND HIREDATE IN '01-JAN-81' AND SAL > 1500;

no rows selected

SQL> ED
Wrote file afiedt.buf

  1  SELECT ENAME
  2  FROM EMP
  3* WHERE COMM IS NOT NULL AND COMM=0 AND JOB NOT IN ('CLERK', 'MANAGER') AND HIREDATE IN '__-__-81' AND SAL > 1500
SQL> /

no rows selected

SQL> ED
Wrote file afiedt.buf

  1   SELECT ENAME
  2   FROM EMP
  3*  WHERE MGR NOT LIKE '___8' AND JOB NOT IN ('MANAGER', 'SALESMAN') AND DEPTNO IN 30
SQL> /

no rows selected

SQL> SELECT ENAME
  2  FROM EMP
  3  WHERE ENAME LIKE '_____%' AND HIREDATE LIKE ('__-___-80' , __-___-81') AND JOB IN 'MANAGER' AND SAL BETWEEN 800 AND 2000 AND DEPTNO IN (30,40);
ERROR:
ORA-01756: quoted string not properly terminated 


SQL> ED
Wrote file afiedt.buf

  1  SELECT ENAME
  2  FROM EMP
  3* WHERE ENAME LIKE '_____%' AND HIREDATE LIKE ('__-___-80' , '__-___-81') AND JOB IN 'MANAGER' AND SAL BETWEEN 800 AND 2000 AND DEPTNO IN (30,40)
SQL> /
WHERE ENAME LIKE '_____%' AND HIREDATE LIKE ('__-___-80' , '__-___-81') AND JOB IN 'MANAGER' AND SAL BETWEEN 800 AND 2000 AND DEPTNO IN (30,40)
                                                         *
ERROR at line 3:
ORA-00907: missing right parenthesis 


SQL> ED
Wrote file afiedt.buf

  1  SELECT ENAME
  2  FROM EMP
  3* WHERE ENAME LIKE '_____%' AND HIREDATE BETWEEN '01-JAN-80' AND '31-DEC-81' AND JOB IN 'MANAGER' AND SAL BETWEEN 800 AND 2000 AND DEPTNO IN (30,40)
SQL> /

no rows selected

SQL> SELECT ENAME
  2  FROM EMP
  3  WHERE ENAME LIKE '__A__' OR '__E__' OR '__I__' OR '__O__' OR '__U__';
WHERE ENAME LIKE '__A__' OR '__E__' OR '__I__' OR '__O__' OR '__U__'
                                    *
ERROR at line 3:
ORA-00920: invalid relational operator 


SQL> ED
Wrote file afiedt.buf

  1  SELECT ENAME
  2  FROM EMP
  3* WHERE ENAME LIKE '__A__' AND '__E__' OR '__I__' OR '__O__' OR '__U__'
SQL> /
WHERE ENAME LIKE '__A__' AND '__E__' OR '__I__' OR '__O__' OR '__U__'
                                     *
ERROR at line 3:
ORA-00920: invalid relational operator 


SQL> ED
Wrote file afiedt.buf

  1  SELECT ENAME
  2  FROM EMP
  3* WHERE ENAME LIKE '__A__' OR '__E__' AND '__I__' OR '__O__' OR '__U__'
SQL> /
WHERE ENAME LIKE '__A__' OR '__E__' AND '__I__' OR '__O__' OR '__U__'
                                    *
ERROR at line 3:
ORA-00920: invalid relational operator 


SQL> ED
Wrote file afiedt.buf

  1  SELECT ENAME
  2  FROM EMP
  3* WHERE ENAME LIKE '_____' AND ENAME LIKE ('__A__' OR '__E__' AND '__I__' OR '__O__' OR '__U__')
SQL> /
WHERE ENAME LIKE '_____' AND ENAME LIKE ('__A__' OR '__E__' AND '__I__' OR '__O__' OR '__U__')
                                                 *
ERROR at line 3:
ORA-00907: missing right parenthesis 


SQL> ED
Wrote file afiedt.buf

  1  SELECT ENAME
  2  FROM EMP
  3* WHERE ENAME LIKE '_____' AND ENAME LIKE '__A__' OR '__E__' AND '__I__' OR '__O__' OR '__U__'
SQL> /
WHERE ENAME LIKE '_____' AND ENAME LIKE '__A__' OR '__E__' AND '__I__' OR '__O__' OR '__U__'
                                                           *
ERROR at line 3:
ORA-00920: invalid relational operator 


SQL> ED
Wrote file afiedt.buf

  1  SELECT ENAME
  2  FROM EMP
  3* WHERE ENAME LIKE '_____' AND ENAME LIKE '__A__' OR ENAME LIKE '__E__' AND ENAME LIKE '__I__' OR ENAME LIKE  '__O__' OR ENAME LIKE '__U__'
SQL> /

ENAME                                                                                               
----------                                                                                          
BLAKE                                                                                               
CLARK                                                                                               
SCOTT                                                                                               
ADAMS                                                                                               

SQL> SELECT ENAME
  2  FROM EMP
  3  WHERE ENAME LIKE 'S%' AND ENAME NOT LIKE '%A' AND ENAME NOT LIKE '%E' OR ENAME NOT LIKE '%I' AN;
WHERE ENAME LIKE 'S%' AND ENAME NOT LIKE '%A' AND ENAME NOT LIKE '%E' OR ENAME NOT LIKE '%I' AN
                                                                                             *
ERROR at line 3:
ORA-00933: SQL command not properly ended 


SQL> ED
Wrote file afiedt.buf

  1  SELECT ENAME
  2  FROM EMP
  3* WHERE ENAME LIKE 'S%' AND ENAME NOT LIKE '%A' AND ENAME NOT LIKE '%E' OR ENAME NOT LIKE '%I' OR ENAME NOT LIKE '%O' OR ENAME NO LIKE '%U'
SQL> /
WHERE ENAME LIKE 'S%' AND ENAME NOT LIKE '%A' AND ENAME NOT LIKE '%E' OR ENAME NOT LIKE '%I' OR ENAME NOT LIKE '%O' OR ENAME NO LIKE '%U'
                                                                                                                             *
ERROR at line 3:
ORA-00920: invalid relational operator 


SQL> ED
Wrote file afiedt.buf

  1  SELECT ENAME
  2  FROM EMP
  3* WHERE ENAME LIKE 'S%' AND ENAME NOT LIKE '%A' OR ENAME NOT LIKE '%E' AND ENAME NOT LIKE '%I' OR ENAME NOT LIKE '%O' OR ENAME NO LIKE '%U'
SQL> /
WHERE ENAME LIKE 'S%' AND ENAME NOT LIKE '%A' OR ENAME NOT LIKE '%E' AND ENAME NOT LIKE '%I' OR ENAME NOT LIKE '%O' OR ENAME NO LIKE '%U'
                                                                                                                             *
ERROR at line 3:
ORA-00920: invalid relational operator 


SQL> ED
Wrote file afiedt.buf

  1  SELECT ENAME
  2  FROM EMP
  3* WHERE ENAME LIKE 'S%' AND ENAME NOT LIKE '%A' OR ENAME NOT LIKE '%E' OR ENAME NOT LIKE '%I' OR ENAME NOT LIKE '%O' OR ENAME NO LIKE '%U'
SQL> /
WHERE ENAME LIKE 'S%' AND ENAME NOT LIKE '%A' OR ENAME NOT LIKE '%E' OR ENAME NOT LIKE '%I' OR ENAME NOT LIKE '%O' OR ENAME NO LIKE '%U'
                                                                                                                            *
ERROR at line 3:
ORA-00920: invalid relational operator 


SQL> ED
Wrote file afiedt.buf

  1  SELECT ENAME
  2  FROM EMP
  3* WHERE ENAME LIKE 'S%' AND ENAME NOT LIKE '%A' OR ENAME NOT LIKE '%E' OR ENAME NOT LIKE '%I' OR ENAME NOT LIKE '%O' OR ENAME NOT LIKE '%U'
SQL> /

ENAME                                                                                               
----------                                                                                          
SMITH                                                                                               
ALLEN                                                                                               
WARD                                                                                                
JONES                                                                                               
MARTIN                                                                                              
BLAKE                                                                                               
CLARK                                                                                               
SCOTT                                                                                               
KING                                                                                                
TURNER                                                                                              
ADAMS                                                                                               
JAMES                                                                                               
FORD                                                                                                
MILLER                                                                                              

14 rows selected.

SQL> SELECT ENAME
  2  FROM EMP
  3  WHERE EMPNO IN (SELECT MGR
  4  FROM EMP
  5  WHERE ENAME;
WHERE ENAME
          *
ERROR at line 5:
ORA-00920: invalid relational operator 


SQL> ED
Wrote file afiedt.buf

  1  SELECT *
  2  FROM EMP
  3  WHERE MGR IN (SELECT MGR
  4  FROM EMP
  5  GROUP BY MGR
  6* HAVING COUNT(MGR)=1)
SQL> /

     EMPNO ENAME      JOB              MGR HIREDATE         SAL       COMM     DEPTNO               
---------- ---------- --------- ---------- --------- ---------- ---------- ----------               
      7934 MILLER     CLERK           7782 23-JAN-82       1300                    10               
      7369 SMITH      CLERK           7902 17-DEC-80        800                    20               
      7876 ADAMS      CLERK           7788 23-MAY-87       1100                    20               

SQL> SELECT ENAME
  2  FROM EMP
  3  WHERE JOB IN 'MANAGER' AND MGR LIKE '___8';

no rows selected

SQL> ED
Wrote file afiedt.buf

  1  SELECT ENAME
  2  FROM EMP
  3* WHERE MGR LIKE '___8'
SQL> /

ENAME                                                                                               
----------                                                                                          
ALLEN                                                                                               
WARD                                                                                                
MARTIN                                                                                              
TURNER                                                                                              
ADAMS                                                                                               
JAMES                                                                                               

6 rows selected.

SQL> SELECT EMP
  2  ;

*
ERROR at line 2:
ORA-00923: FROM keyword not found where expected 


SQL> ED
Wrote file afiedt.buf

  1  SELECT ENAME
  2  FROM EMP
  3* WHERE JOB IN 'SALESMAN' AND SAL BETWEEN 1500 AND 3000 
  4  /

ENAME                                                                                               
----------                                                                                          
ALLEN                                                                                               
TURNER                                                                                              

SQL> ED
Wrote file afiedt.buf

  1  SELECT ENAME
  2  FROM EMP
  3* WHERE JOB IN ('MANAGER','SALESMAN') AND DEPTNO IN (20,30) AND SAL BETWEEN 1000 AND 3000 
SQL> /

ENAME                                                                                               
----------                                                                                          
ALLEN                                                                                               
WARD                                                                                                
JONES                                                                                               
MARTIN                                                                                              
BLAKE                                                                                               
TURNER                                                                                              

6 rows selected.

SQL> ED
Wrote file afiedt.buf

  1  SELECT ENAME
  2  FROM EMP
  3* WHERE SAL BETWEEN 1000 AND 2000 AND DEPTNO IN (10,20,30) AND JOB NOT IN 'CLERK'
SQL> /

ENAME                                                                                               
----------                                                                                          
ALLEN                                                                                               
WARD                                                                                                
MARTIN                                                                                              
TURNER                                                                                              

SQL> SELECT ENAME
  2  FROM EMP
  3  WHERE ENAME LIKE 'A%' AND SAL > 1000;

ENAME                                                                                               
----------                                                                                          
ALLEN                                                                                               
ADAMS                                                                                               

SQL> SELECT ENAME
  2  FROM EMP
  3  WHERE ENAME LIKE '%MM%';

no rows selected

SQL> SELECT ENAME
  2  FOM EMP
  3  ;
FOM EMP
    *
ERROR at line 2:
ORA-00923: FROM keyword not found where expected 


SQL> ED
Wrote file afiedt.buf

  1  SELECT ENAME
  2  FROM EMP 
  3* WHERE JOB NOT IN 'CLERK' AND DEPTNO IN (10,20)
  4  /

ENAME                                                                                               
----------                                                                                          
JONES                                                                                               
CLARK                                                                                               
SCOTT                                                                                               
KING                                                                                                
FORD                                                                                                

SQL> SELECT ENAME
  2  FROM EMP
  3  WHERE ENAME LIKE '%PP%' AND ENAME NOT LIKE '%PPP%
  4  
SQL> ED
Wrote file afiedt.buf

  1  SELECT ENAME
  2  FROM EMP
  3* WHERE ENAME LIKE '%P%P%' AND ENAME NOT LIKE '%P%P%P%' AND SAL BETWEEN (1000,3000)
SQL> /
WHERE ENAME LIKE '%P%P%' AND ENAME NOT LIKE '%P%P%P%' AND SAL BETWEEN (1000,3000)
                                                                           *
ERROR at line 3:
ORA-00907: missing right parenthesis 


SQL> ED
Wrote file afiedt.buf

  1  SELECT ENAME
  2  FROM EMP
  3* WHERE ENAME LIKE '%P%P%' AND ENAME NOT LIKE '%P%P%P%' AND SAL BETWEEN 1000 AND 3000
SQL> /

no rows selected

SQL> SELECT ENAME
  2  FROM EMP
  3  WHERE COMM IS NULL AND COMM = 0 AND DEPTNO IN (10,20);

no rows selected

SQL> SELECT ENAME
  2  FROM EMP
  3  WHERE MGR IS NULL AND DEPTNO IN (20,30);

no rows selected

SQL> SELECT ENAME
  2  FROM EMP
  3  WHERE ENAME NOT LIKE 'A%';

ENAME                                                                                               
----------                                                                                          
SMITH                                                                                               
WARD                                                                                                
JONES                                                                                               
MARTIN                                                                                              
BLAKE                                                                                               
CLARK                                                                                               
SCOTT                                                                                               
KING                                                                                                
TURNER                                                                                              
JAMES                                                                                               
FORD                                                                                                
MILLER                                                                                              

12 rows selected.

SQL> SELECT ENAME
  2  FROM EMP
  3  WHERE HIREDATE IN '__-___-87';
WHERE HIREDATE IN '__-___-87'
                  *
ERROR at line 3:
ORA-01858: a non-numeric character was found where a numeric was expected 


SQL> ED
Wrote file afiedt.buf

  1  SELECT ENAME
  2  FROM EMP
  3* WHERE HIREDATE IN '01-JAN-87'
SQL> /

no rows selected

SQL> ED
Wrote file afiedt.buf

  1  SELECT ENAME
  2  FROM EMP
  3* WHERE HIREDATE LIKE '__-___-87'
SQL> /

ENAME                                                                                               
----------                                                                                          
SCOTT                                                                                               
ADAMS                                                                                               

SQL> SELECT ENAME
  2  FROM EMP
  3  WHERE ENAME LIKE '%T%T%' AND ENAME NOT LIKE '%T%T%T%';

ENAME                                                                                               
----------                                                                                          
SCOTT                                                                                               

SQL> SELECT ENAME
  2  FROM EMP
  3  WHERE EMPNO NOT IN 7654;

ENAME                                                                                               
----------                                                                                          
SMITH                                                                                               
ALLEN                                                                                               
WARD                                                                                                
JONES                                                                                               
BLAKE                                                                                               
CLARK                                                                                               
SCOTT                                                                                               
KING                                                                                                
TURNER                                                                                              
ADAMS                                                                                               
JAMES                                                                                               
FORD                                                                                                
MILLER                                                                                              

13 rows selected.

SQL> SELECT *
  2  FROM EMP
  3  WHERE JOB IN 'SALESMAN' AND DEPTNO IN 30;

     EMPNO ENAME      JOB              MGR HIREDATE         SAL       COMM     DEPTNO               
---------- ---------- --------- ---------- --------- ---------- ---------- ----------               
      7499 ALLEN      SALESMAN        7698 20-FEB-81       1600        300         30               
      7521 WARD       SALESMAN        7698 22-FEB-81       1250        500         30               
      7654 MARTIN     SALESMAN        7698 28-SEP-81       1250       1400         30               
      7844 TURNER     SALESMAN        7698 08-SEP-81       1500          0         30               

SQL> SELECT *
  2  FROM EMP
  3  WHERE SAL IN (3000 , 2000);

     EMPNO ENAME      JOB              MGR HIREDATE         SAL       COMM     DEPTNO               
---------- ---------- --------- ---------- --------- ---------- ---------- ----------               
      7788 SCOTT      ANALYST         7566 19-APR-87       3000                    20               
      7902 FORD       ANALYST         7566 03-DEC-81       3000                    20               

SQL> SELECT ENAME
  2  FROM EMP
  3  WHERE ENAME LIKE '%R%;
ERROR:
ORA-01756: quoted string not properly terminated 


SQL> ED
Wrote file afiedt.buf

  1  SELECT ENAME
  2  FROM EMP
  3* WHERE ENAME LIKE '%R%'
SQL> /

ENAME                                                                                               
----------                                                                                          
WARD                                                                                                
MARTIN                                                                                              
CLARK                                                                                               
TURNER                                                                                              
FORD                                                                                                
MILLER                                                                                              

6 rows selected.

SQL> SPOOL OFF;
